<prefab version="0.7.0">
	<group id_="1445746816" open_="true" name="box_truck" pos="-5.1 -0.1 42.1">
		<vehicle id_="971958208" name="Single-unit truck (White)" tags="reversebeep dumptruck" pos="0.1 0.2 -0.1" rot="0 -90 0" sound="semitruck2" spring="0.4" damping="0.4" topspeed="60" acceleration="0.5" strength="2" antiroll="0.3" difflock="0.5">
			<body id_="442395008" open_="true" pos="0.0 0.4 0.0" dynamic="true" texture="7 0.7">
				<vox id_="736604032" pos="0.1 0.0 0.0" strength="3" file="MOD/assets/vehicles/box_truck/boxtruck.vox" object="body" texture="7 0.4">
					<location id_="925621440" tags="player" pos="-0.65 1.8 -3.0"/>
					<location id_="209007056" tags="vital" pos="0.0 0.8 -3.9"/>
					<location id_="1128598784" tags="exhaust" pos="0.7 0.3 -0.7" rot="0 90 0"/>
					<light id_="1728224256" pos="-0.8 0.8 -3.9" rot="0 180 0" type="cone" color="1 .9 .8" scale="25" angle="90" penumbra="30" size="0.1" unshadowed="0.2" glare="0.35"/>
					<light id_="515996416" pos="0.8 0.8 -3.9" rot="0 180 0" type="cone" color="1 .9 .8" scale="25" angle="90" penumbra="30" size="0.1" unshadowed="0.2" glare="0.35"/>
					<light id_="1548382464" pos="-1.0 0.4 4.1" type="area" color="1 .1 .1" scale="2" size=".2 .2" unshadowed="0.2" glare="0.2"/>
					<light id_="1279734016" pos="1.0 0.4 4.1" type="area" color="1 .1 .1" scale="2" size=".2 .2" unshadowed="0.2" glare="0.2"/>
					<light id_="1036121856" pos="-1.15 0.4 4.1" type="area" color="1 1 1" scale="4" size=".1 .2" unshadowed="0.2"/>
					<light id_="862834112" pos="1.15 0.4 4.1" type="area" color="1 1 1" scale="4" size=".1 .2" unshadowed="0.2"/>
					<wheel id_="146875136" name="fr" pos="1.2 0.0 -2.5" steer="1">
						<vox id_="1739497088" pos="0.1 -0.5 0.0" file="MOD/assets/vehicles/box_truck/boxtruck.vox" object="wheel_fr"/>
					</wheel>
					<wheel id_="1751097728" name="fl" pos="-1.2 0.0 -2.5" steer="1">
						<vox id_="526089568" pos="-0.1 -0.5 0.0" file="MOD/assets/vehicles/box_truck/boxtruck.vox" object="wheel_fl"/>
					</wheel>
					<wheel id_="1525181312" name="br1" pos="1.1 0.0 0.9" drive="1">
						<vox id_="598511296" pos="0.1 -0.5 0.0" file="MOD/assets/vehicles/box_truck/boxtruck.vox" object="wheel_br1"/>
					</wheel>
					<wheel id_="1079247232" name="bl1" pos="-1.1 0.0 0.9" drive="1">
						<vox id_="166406064" pos="-0.1 -0.5 0.0" file="MOD/assets/vehicles/box_truck/boxtruck.vox" object="wheel_bl1"/>
					</wheel>
					<wheel id_="19596460" name="br2" pos="1.1 0.0 2.2" drive="1">
						<vox id_="1195515136" pos="0.1 -0.5 0.0" file="MOD/assets/vehicles/box_truck/boxtruck.vox" object="wheel_br2"/>
					</wheel>
					<wheel id_="968025792" name="bl2" pos="-1.1 0.0 2.2" drive="1">
						<vox id_="2075586304" pos="-0.1 -0.5 0.0" file="MOD/assets/vehicles/box_truck/boxtruck.vox" object="wheel_bl2"/>
					</wheel>
				</vox>
			</body>
			<body id_="1935265152" open_="true" pos="0.1 1.2 4.1" dynamic="true" texture="7 0.7">
				<vox id_="1985862016" strength="3" file="MOD/assets/vehicles/box_truck/boxtruck.vox" object="door" texture="7 0.4">
					<joint id_="112925424" pos="-1.0 0.0 0.0" rot="0 -90 90" type="hinge" rotstrength="0.1" rotspring="0" limits="-120 0"/>
					<joint id_="1137446656" pos="1.0 0.0 0.0" rot="0 -90 90" type="hinge" rotstrength="0.1" rotspring="0" limits="-120 0"/>
				</vox>
			</body>
		</vehicle>
	</group>
</prefab>

