<prefab version="0.6.0">
	<group id_="559777152" name="instance=MOD/assets/props/container-red.xml" pos="11.4 0.3 5.1" rot="0.0 -98.0 0.0">
		<body id_="1493918720" name="container red" pos="0.0 -0.1 -0.1" dynamic="true">
			<vox id_="1034548928" pos="-0.1 0.1 0.1" file="MOD/assets/props/container_red.vox" object="body"/>
			<vox id_="679059968" pos="2.9 0.1 0.1" file="MOD/assets/props/container_red.vox" object="frame"/>
			<vox id_="471953536" pos="3.0 0.2 0.7" prop="true" file="MOD/assets/props/container_red.vox" object="door_left">
				<joint id_="1365460352" pos="0.0 2.1 0.5"/>
				<joint id_="876728576" pos="0.0 0.3 0.5"/>
			</vox>
			<vox id_="1939263104" pos="3.0 0.2 -0.4" prop="true" file="MOD/assets/props/container_red.vox" object="door_right">
				<joint id_="1655081600" pos="0.0 0.3 -0.6"/>
				<joint id_="1286746880" pos="0.0 2.1 -0.6"/>
			</vox>
		</body>
	</group>
</prefab>

