<prefab version="0.9.0">
	<group id_="1985141120" open_="true" name="Forklift" pos="33.8 0.1 -17.7">
		<vehicle id_="1790225152" name="Forklift" tags="forklift reversebeep" pos="0.0 0.2 0.7" sound="forklift 1.1" spring="2" topspeed="15" strength="7" difflock="0.5" friction="1.5">
			<body id_="1320041088" open_="true" pos="0.05 0.1 0.0" dynamic="true">
				<vox id_="112401104" open_="true" pos="-0.05 -0.1 -0.0" density="3" strength="2" file="MOD/vox/forklift2.vox" object="body">
					<wheel id_="485585856" name="fr" pos="0.4 0.25 -1.05" drive="1">
						<vox id_="548700864" pos="0.1 -0.35 0.05" file="MOD/vox/forklift2.vox" object="wheel_fr"/>
					</wheel>
					<wheel id_="2108290688" name="fl" pos="-0.3 0.25 -1.05" drive="1">
						<vox id_="990047232" pos="-0.2 -0.35 0.05" file="MOD/vox/forklift2.vox" object="wheel_fl"/>
					</wheel>
					<wheel id_="528907808" name="br" pos="0.3 0.2 0.7" steer="-1">
						<vox id_="280052416" pos="0.1 -0.3 0.0" file="MOD/vox/forklift2.vox" object="wheel_br"/>
					</wheel>
					<wheel id_="1136070400" name="bl" pos="-0.2 0.2 0.7" steer="-1">
						<vox id_="789167168" pos="-0.2 -0.3 0.0" file="MOD/vox/forklift2.vox" object="wheel_bl"/>
					</wheel>
					<location id_="1478385792" tags="player" pos="0.05 1.6 0.0"/>
					<location id_="1931922560" tags="vital" pos="0.05 0.6 0.7"/>
					<light id_="418669504" pos="-0.5 1.6 -0.9" rot="0 180 0" type="cone" color="1 .9 .8" scale="10" angle="90" penumbra="30" size="0.1" unshadowed="0.2" glare="0.2"/>
					<light id_="1438668544" pos="0.6 1.6 -0.9" rot="0 180 0" type="cone" color="1 .9 .8" scale="10" angle="90" penumbra="30" size="0.1" unshadowed="0.2" glare="0.2"/>
				</vox>
				<body id_="468152224" pos="-0.05 -0.1 -1.3" dynamic="true">
					<vox id_="2118646016" tags="unbreakable" density="3" file="MOD/vox/forklift2.vox" object="arm"/>
					<body id_="2035475840" pos="0.0 0.4 -0.7" dynamic="true">
						<vox id_="531332768" tags="unbreakable" density="3" file="MOD/vox/forklift2.vox" object="fork"/>
						<joint id_="744075648" pos="-0.3 0.1 0.6" rot="-90 0 0" type="prismatic" rotspring="0" limits="-0.5 1.2" sound="true"/>
					</body>
					<joint id_="1955254784" pos="-0.3 1.0 0.0" rot="-90 0 0" type="prismatic" rotspring="0" limits="0 1.5" sound="true"/>
				</body>
			</body>
		</vehicle>
	</group>
</prefab>

