<prefab version="0.9.0">
	<group id_="1059519616" open_="true" name="Golf Cart" pos="47.9 0.1 34.5">
		<vehicle id_="1211900160" name="Golf Cart" pos="0.0 -0.1 0.0" sound="small" spring="1.9" topspeed="35" acceleration="3" strength="3" antiroll="0.4" steerassist="0.5">
			<body id_="1986255232" open_="true" pos="-0.05 0.3 0.0" dynamic="true">
				<vox id_="1295594752" pos="0.05 0.0 0.0" rot="0 180 0" density="1.5" strength="4" file="MOD/vox/golfcart.vox" object="body">
					<light id_="1422217984" pos="0.3 0.45 1.2" type="cone" color="1 .9 .8" scale="25" angle="90" penumbra="30" size="0.1" unshadowed="0.2" glare="0.35"/>
					<light id_="1244080256" pos="-0.3 0.45 1.2" type="cone" color="1 .9 .8" scale="25" angle="90" penumbra="30" size="0.1" unshadowed="0.2" glare="0.35"/>
					<light id_="1969345920" pos="-0.5 0.35 -1.3" rot="-180.0 0.0 -180.0" type="area" color="1 .1 .1" scale="2" size=".2 .1" unshadowed="0.2" glare="0.2"/>
					<light id_="54529280" pos="0.5 0.35 -1.3" rot="-180.0 0.0 -180.0" type="area" color="1 .1 .1" scale="2" size=".2 .1" unshadowed="0.2" glare="0.2"/>
					<light id_="1441355648" pos="-0.45 0.25 -1.3" rot="180.0 0.0 180.0" type="area" color="1 1 1" scale="4" size=".1 .1" unshadowed="0.2"/>
					<light id_="676241728" pos="0.45 0.25 -1.3" rot="180.0 0.0 180.0" type="area" color="1 1 1" scale="4" size=".1 .1" unshadowed="0.2"/>
					<location id_="1416843776" tags="player" pos="0.3 1.2 -0.35"/>
				</vox>
				<wheel id_="515078848" name="bl" pos="-0.35 0.15 0.95" drive="1" travel="-0.05 0.05">
					<vox id_="1775937408" pos="-0.1 -0.25 -0.05" rot="0.0 180.0 0.0" file="MOD/vox/golfcart.vox" object="wheel_bl"/>
				</wheel>
				<wheel id_="148317024" name="br" pos="0.45 0.15 0.95" drive="1" travel="-0.05 0.05">
					<vox id_="1878507520" pos="0.1 -0.25 -0.05" rot="0.0 -180.0 0.0" file="MOD/vox/golfcart.vox" object="wheel_br"/>
				</wheel>
				<wheel id_="1577285632" name="fl" pos="-0.35 0.15 -0.85" steer="1" travel="-0.05 0.05">
					<vox id_="446065248" pos="-0.1 -0.25 -0.05" rot="0.0 180.0 0.0" file="MOD/vox/golfcart.vox" object="wheel_fl"/>
				</wheel>
				<wheel id_="1037956992" name="fr" pos="0.45 0.15 -0.85" steer="1" travel="-0.05 0.05">
					<vox id_="1097926144" pos="0.1 -0.25 -0.05" rot="0.0 -180.0 0.0" file="MOD/vox/golfcart.vox" object="wheel_fr"/>
				</wheel>
			</body>
		</vehicle>
	</group>
</prefab>

