<prefab version="0.7.0">
	<group id_="1884406016" open_="true" name="defender" pos="47.9 0.2 -6.1">
		<vehicle id_="731688576" open_="true" name="Defender (Grey)" pos="0.0 0.0 0.1" rot="0 180 0" sound="suv2 0.9" spring="0.8" damping="0.8" topspeed="60" acceleration="2" strength="5" antiroll="0.2" difflock="0.5">
			<body id_="1468161536" open_="true" pos="-0.05 0.6 -0.25" dynamic="true">
				<vox id_="969598784" open_="true" pos="0.05 -0.2 0.25" rot="0 180 0" density="2" strength="3" file="MOD/assets/vehicles/defender_grey.vox" object="body">
					<light id_="171256016" pos="0.75 0.55 -2.1" rot="0.0 180.0 0.0" type="area" size="0.1 0.1" unshadowed="0.3"/>
					<light id_="2006048256" pos="-0.65 0.55 -2.1" rot="0.0 180.0 0.0" type="area" size="0.1 0.1" unshadowed="0.3"/>
					<light id_="106436960" pos="0.6 0.55 -2.1" rot="0.0 -180.0 0.0" type="area" color="1 .1 .1" size="0.2 0.1" unshadowed="0.2" glare="0.2"/>
					<light id_="1030026624" pos="0.65 0.65 2.1" type="cone" color="1 .9 .8" scale="30" angle="90" penumbra="30" size="0.1" unshadowed="0.2" glare="0.35"/>
					<light id_="1984223488" pos="-0.55 0.65 2.1" type="cone" color="1 .9 .8" scale="30" angle="90" penumbra="30" size="0.1" unshadowed="0.2" glare="0.35"/>
					<location id_="1494115328" tags="exhaust" pos="0.5 0.05 -2.1" rot="-180.0 360.0 -180.0"/>
					<location id_="1378699392" tags="vital" pos="0.05 0.55 1.4" rot="-180.0 360.0 -180.0"/>
					<location id_="1699583232" tags="player" pos="0.35 1.25 0.25"/>
					<light id_="1202134656" pos="-0.5 0.55 -2.1" rot="0.0 -180.0 0.0" type="area" color="1 .1 .1" size="0.2 0.1" unshadowed="0.2" glare="0.2"/>
				</vox>
				<wheel id_="1205215104" name="bl" pos="-0.65 -0.15 1.4" drive="1" travel="-0.1 0.2">
					<vox id_="574916864" pos="-0.1 -0.45 -0.05" rot="0.0 -180.0 0.0" file="MOD/assets/vehicles/defender_grey.vox" object="wheel_bl"/>
				</wheel>
				<wheel id_="1341669376" name="br" pos="0.65 -0.15 1.4" drive="1" travel="-0.1 0.2">
					<vox id_="1712232448" pos="0.1 -0.45 -0.05" rot="0 180 0" file="MOD/assets/vehicles/defender_grey.vox" object="wheel_br"/>
				</wheel>
				<wheel id_="61410980" name="fl" pos="-0.75 -0.15 -1.4" drive="1" steer="1" travel="-0.1 0.2">
					<vox id_="317410208" pos="0.0 -0.45 -0.05" rot="0 180 0" file="MOD/assets/vehicles/defender_grey.vox" object="wheel_fl"/>
				</wheel>
				<wheel id_="1440044928" name="fr" pos="0.65 -0.15 -1.4" drive="1" steer="1" travel="-0.1 0.2">
					<vox id_="3932400" pos="0.1 -0.45 -0.05" rot="0 180 0" file="MOD/assets/vehicles/defender_grey.vox" object="wheel_fr"/>
				</wheel>
			</body>
		</vehicle>
	</group>
</prefab>

