<prefab version="0.7.0">
	<group id_="1724357376" open_="true" name="Gordo" pos="40.8 0.1 34.5">
		<vehicle id_="948298240" open_="true" name="Gordo Pathracer XTRM" pos="0.0 0.4 0.0" sound="pickup 1.1" spring="1.2" damping="0.9" topspeed="80" acceleration="8" strength="8" antiroll="0.2" difflock="1" steerassist="0.15" friction="1.5">
			<body id_="343888384" open_="true" dynamic="true">
				<vox id_="1375750144" open_="true" density="3" strength="5" file="MOD/assets/vehicles/gordo.vox" object="body">
					<light id_="1693094784" pos="-0.75 0.85 2.1" type="area" size="0.1 0.1" unshadowed="0.3"/>
					<light id_="1255811968" pos="0.85 0.85 2.1" type="area" size="0.1 0.1" unshadowed="0.3"/>
					<light id_="2050091264" pos="-0.75 1.0 2.1" type="area" color="1 .1 .1" size="0.1 0.2" unshadowed="0.2" glare="0.2"/>
					<light id_="1361396864" pos="-0.6 0.7 -2.2" rot="0 180 0" type="cone" color="1 .9 .8" scale="30" angle="90" penumbra="30" size="0.1" unshadowed="0.2" glare="0.35"/>
					<light id_="1141575680" pos="0.7 0.7 -2.2" rot="0 180 0" type="cone" color="1 .9 .8" scale="30" angle="90" penumbra="30" size="0.1" unshadowed="0.2" glare="0.35"/>
					<location id_="1342390272" tags="exhaust" pos="0.7 0.2 2.1"/>
					<location id_="1515088128" tags="vital" pos="0.05 0.9 -1.5"/>
					<location id_="1547792640" tags="player" pos="-0.4 1.3 0.1"/>
					<light id_="832423552" pos="0.85 1.0 2.1" type="area" color="1 .1 .1" size="0.1 0.2" unshadowed="0.2" glare="0.2"/>
				</vox>
				<wheel id_="651795328" name="bl" pos="-0.6 0.15 1.35" drive="1" travel="-0.1 0.2">
					<vox id_="308300160" pos="-0.2 -0.45 0.05" file="MOD/assets/vehicles/gordo.vox" object="wheel_bl"/>
				</wheel>
				<wheel id_="746893824" name="br" pos="0.7 0.15 1.35" drive="1" travel="-0.1 0.2">
					<vox id_="1285370496" pos="0.1 -0.45 0.05" file="MOD/assets/vehicles/gordo.vox" object="wheel_br"/>
				</wheel>
				<wheel id_="1387940608" name="fl" pos="-0.6 0.15 -1.65" drive="1" steer="1" travel="-0.1 0.2">
					<vox id_="929291648" pos="-0.2 -0.45 0.05" file="MOD/assets/vehicles/gordo.vox" object="wheel_fl"/>
				</wheel>
				<wheel id_="1708300160" name="fr" pos="0.7 0.15 -1.65" drive="1" steer="1" travel="-0.1 0.2">
					<vox id_="1089995776" pos="0.1 -0.45 0.05" file="MOD/assets/vehicles/gordo.vox" object="wheel_fr"/>
				</wheel>
			</body>
		</vehicle>
	</group>
</prefab>

