<prefab version="0.7.0">
	<group id_="1859369856" open_="true" name="Micro" pos="44.2 0.1 34.5">
		<vehicle id_="223884640" open_="true" name="Microcar" pos="0.0 0.3 0.0" sound="small1 1.2" damping="2" topspeed="80" acceleration="3" strength="3" antispin="0.5" antiroll="0.2" steerassist="0.5" friction="1.6">
			<body id_="1106970624" open_="true" dynamic="true">
				<vox id_="1547792640" density="1.2" strength="2" file="MOD/assets/vehicles/micro.vox" object="body">
					<location id_="173877616" tags="player" pos="-0.2 1.0 0.3"/>
					<location id_="1491493760" tags="vital" pos="0.0 0.6 -1.1"/>
					<light id_="866176640" pos="-0.5 0.55 -1.4" rot="0 180 0" type="cone" color="1 .9 .8" scale="20" angle="90" penumbra="30" size="0.1" unshadowed="0.2" glare="0.3"/>
					<light id_="497710752" pos="0.6 0.55 -1.4" rot="0 180 0" type="cone" color="1 .9 .8" scale="20" angle="90" penumbra="30" size="0.1" unshadowed="0.2" glare="0.3"/>
					<light id_="1229726976" pos="-0.4 0.65 1.5" type="area" color="1 .1 .1" size="0.2 0.1" unshadowed="0.3" glare="0.2"/>
					<light id_="1071579008" pos="0.5 0.65 1.5" type="area" color="1 .1 .1" size="0.2 0.1" unshadowed="0.3" glare="0.2"/>
					<light id_="196226752" pos="-0.45 0.75 1.5" type="area" size="0.1 0.1" unshadowed="0.3"/>
					<light id_="96343800" pos="0.55 0.75 1.5" type="area" size="0.1 0.1" unshadowed="0.3"/>
					<location id_="2054482432" tags="exhaust" pos="0.4 0.0 1.6"/>
				</vox>
				<wheel id_="1098778112" name="fr" pos="0.65 0.05 -1.05" drive="1" steer="1">
					<vox id_="1406422912" pos="0.1 -0.25 0.05" file="MOD/assets/vehicles/micro.vox" object="wheel_fr"/>
				</wheel>
				<wheel id_="564299392" name="fl" pos="-0.55 0.05 -1.05" drive="1" steer="1">
					<vox id_="942858432" pos="-0.1 -0.25 0.05" file="MOD/assets/vehicles/micro.vox" object="wheel_fl"/>
				</wheel>
				<wheel id_="154805472" name="br" pos="0.65 0.05 1.35">
					<vox id_="1508665216" pos="0.1 -0.25 0.05" file="MOD/assets/vehicles/micro.vox" object="wheel_br"/>
				</wheel>
				<wheel id_="1454267008" name="bl" pos="-0.55 0.05 1.35">
					<vox id_="626431296" pos="-0.1 -0.25 0.05" file="MOD/assets/vehicles/micro.vox" object="wheel_bl"/>
				</wheel>
			</body>
		</vehicle>
	</group>
</prefab>

